{
  "n_trajectories": 5204,
  "n_failed": 0,
  "n_steps_total": 239686,
  "support_steps": 120084,
  "drop_steps": 119602,
  "hits": {
    "2": 239686,
    "5": 49127,
    "7": 33562,
    "11": 19503,
    "13": 22033,
    "17": 15105,
    "19": 9023,
    "23": 9731
  },
  "sumv": {
    "2": 477082,
    "5": 62810,
    "7": 38274,
    "11": 21859,
    "13": 23067,
    "17": 15643,
    "19": 9540,
    "23": 9983
  },
  "hits_given_support": {
    "2": 120084,
    "5": 23230,
    "7": 18099,
    "11": 8203,
    "13": 9980,
    "17": 10718,
    "19": 4164,
    "23": 4369
  },
  "hits_given_drop": {
    "2": 119602,
    "5": 25897,
    "7": 15463,
    "11": 11300,
    "13": 12053,
    "17": 4387,
    "19": 4859,
    "23": 5362
  },
  "corr_magnitude": {
    "2": 1.0,
    "5": 0.006157572115151015,
    "7": -0.03415171355187327,
    "11": 0.002961986558208995,
    "13": -0.023630116022074762,
    "17": -0.07975265156287585,
    "19": 0.01705829144764616,
    "23": 0.011763885162071481
  },
  "corr_binary": {
    "2": 0.0,
    "5": 0.028585489988495263,
    "7": -0.030881160031794905,
    "11": 0.04785912706455023,
    "13": 0.03057494495873262,
    "17": -0.10817766357052752,
    "19": 0.015631988654203646,
    "23": 0.021405491749534232
  },
  "cooc": {
    "2": {
      "2": 239686,
      "5": 49127,
      "7": 33562,
      "11": 19503,
      "13": 22033,
      "17": 15105,
      "19": 9023,
      "23": 9731
    },
    "5": {
      "2": 49127,
      "5": 49127,
      "7": 8275,
      "11": 2778,
      "13": 5097,
      "17": 3705,
      "19": 1837,
      "23": 1267
    },
    "7": {
      "2": 33562,
      "5": 8275,
      "7": 33562,
      "11": 2069,
      "13": 3045,
      "17": 1444,
      "19": 1246,
      "23": 2080
    },
    "11": {
      "2": 19503,
      "5": 2778,
      "7": 2069,
      "11": 19503,
      "13": 1217,
      "17": 769,
      "19": 755,
      "23": 653
    },
    "13": {
      "2": 22033,
      "5": 5097,
      "7": 3045,
      "11": 1217,
      "13": 22033,
      "17": 623,
      "19": 612,
      "23": 622
    },
    "17": {
      "2": 15105,
      "5": 3705,
      "7": 1444,
      "11": 769,
      "13": 623,
      "17": 15105,
      "19": 786,
      "23": 299
    },
    "19": {
      "2": 9023,
      "5": 1837,
      "7": 1246,
      "11": 755,
      "13": 612,
      "17": 786,
      "19": 9023,
      "23": 283
    },
    "23": {
      "2": 9731,
      "5": 1267,
      "7": 2080,
      "11": 653,
      "13": 622,
      "17": 299,
      "19": 283,
      "23": 9731
    }
  },
  "bin_steps": [
    26293,
    23700,
    24233,
    23777,
    23148,
    24713,
    24295,
    23715,
    24218,
    21594
  ],
  "bin_hits": {
    "2": [
      26293,
      23700,
      24233,
      23777,
      23148,
      24713,
      24295,
      23715,
      24218,
      21594
    ],
    "5": [
      5220,
      4812,
      4969,
      4890,
      5156,
      5877,
      4880,
      2997,
      3233,
      7093
    ],
    "7": [
      3707,
      3334,
      3418,
      3507,
      3573,
      3607,
      2896,
      3658,
      3703,
      2159
    ],
    "11": [
      2331,
      2147,
      2234,
      2049,
      1992,
      2017,
      2190,
      1995,
      1791,
      757
    ],
    "13": [
      2068,
      1861,
      1888,
      1869,
      1918,
      2071,
      2541,
      2692,
      2972,
      2153
    ],
    "17": [
      1598,
      1387,
      1426,
      1214,
      1064,
      1145,
      1520,
      1737,
      2915,
      1099
    ],
    "19": [
      1430,
      1220,
      1211,
      1146,
      978,
      947,
      764,
      677,
      572,
      78
    ],
    "23": [
      1154,
      1109,
      1205,
      1177,
      1114,
      880,
      524,
      331,
      632,
      1605
    ]
  },
  "residue_counts": {
    "2": {
      "0": 239686
    },
    "5": {
      "4": 47202,
      "0": 49127,
      "1": 50121,
      "2": 49179,
      "3": 44057
    },
    "7": {
      "0": 33562,
      "1": 34326,
      "6": 35742,
      "5": 32157,
      "3": 35860,
      "2": 37982,
      "4": 30057
    },
    "11": {
      "3": 19952,
      "9": 21182,
      "2": 21116,
      "10": 19932,
      "5": 27382,
      "0": 19503,
      "1": 19953,
      "8": 22655,
      "4": 20418,
      "7": 24882,
      "6": 22711
    },
    "13": {
      "9": 18598,
      "6": 15381,
      "7": 14253,
      "2": 19870,
      "4": 16131,
      "5": 19224,
      "3": 21870,
      "12": 14779,
      "8": 20915,
      "0": 22033,
      "1": 22420,
      "11": 16972,
      "10": 17240
    },
    "17": {
      "10": 16131,
      "9": 12270,
      "8": 16170,
      "4": 14301,
      "7": 16829,
      "3": 11788,
      "14": 12988,
      "5": 12527,
      "0": 15105,
      "1": 15428,
      "6": 15650,
      "13": 13149,
      "12": 13766,
      "16": 18611,
      "11": 10047,
      "2": 12736,
      "15": 12190
    },
    "19": {
      "13": 22249,
      "7": 10614,
      "6": 12019,
      "10": 10325,
      "16": 15489,
      "15": 11625,
      "14": 12402,
      "11": 17203,
      "5": 8665,
      "18": 9098,
      "3": 14693,
      "17": 17018,
      "9": 9998,
      "2": 10897,
      "8": 20849,
      "12": 10262,
      "0": 9023,
      "1": 9299,
      "4": 7958
    },
    "23": {
      "11": 12122,
      "8": 10136,
      "14": 9362,
      "12": 11902,
      "19": 12003,
      "18": 10638,
      "5": 10998,
      "20": 13114,
      "13": 10583,
      "0": 9731,
      "1": 9953,
      "2": 9752,
      "4": 7903,
      "7": 10064,
      "22": 11747,
      "15": 9193,
      "10": 11277,
      "6": 10807,
      "17": 9287,
      "16": 12275,
      "21": 9039,
      "9": 10845,
      "3": 6955
    }
  },
  "max_traj_len": 195,
  "starts_sample": [
    101901,
    960921,
    288629,
    440873,
    103909,
    17353,
    935757,
    727065,
    469387,
    791519,
    285883,
    884693,
    130359,
    128239,
    682213,
    473103,
    915607,
    756159,
    622449,
    946421
  ]
}