{
  "5": {
    "total": 239686,
    "chi2": 486.5354004822977,
    "dof": 4,
    "trig_res": 3,
    "frac_trig": 0.20496399455954875,
    "pred_1_over_p": 0.2,
    "counts": {
      "1": 47202,
      "3": 49127,
      "0": 50121,
      "2": 49179,
      "4": 44057
    }
  },
  "7": {
    "total": 239686,
    "chi2": 1202.8443296646444,
    "dof": 6,
    "trig_res": 2,
    "frac_trig": 0.1400248658661749,
    "pred_1_over_p": 0.14285714285714285,
    "counts": {
      "2": 33562,
      "0": 34326,
      "4": 35742,
      "6": 32157,
      "3": 35860,
      "5": 37982,
      "1": 30057
    }
  },
  "11": {
    "total": 239686,
    "chi2": 2779.718832138715,
    "dof": 10,
    "trig_res": 7,
    "frac_trig": 0.08136895771968325,
    "pred_1_over_p": 0.09090909090909091,
    "counts": {
      "8": 19952,
      "10": 21182,
      "4": 21116,
      "3": 19932,
      "5": 27382,
      "7": 19503,
      "0": 19953,
      "6": 22655,
      "1": 20418,
      "2": 24882,
      "9": 22711
    }
  },
  "13": {
    "total": 239686,
    "chi2": 5344.73208280834,
    "dof": 12,
    "trig_res": 4,
    "frac_trig": 0.09192443446842953,
    "pred_1_over_p": 0.07692307692307693,
    "counts": {
      "7": 18598,
      "6": 15381,
      "2": 14253,
      "9": 19870,
      "1": 16131,
      "10": 19224,
      "5": 21870,
      "8": 14779,
      "11": 20915,
      "4": 22033,
      "0": 22420,
      "12": 16972,
      "3": 17240
    }
  },
  "17": {
    "total": 239686,
    "chi2": 5445.6656125097,
    "dof": 16,
    "trig_res": 11,
    "frac_trig": 0.06301995110269269,
    "pred_1_over_p": 0.058823529411764705,
    "counts": {
      "3": 16131,
      "14": 12270,
      "8": 16170,
      "1": 14301,
      "2": 16829,
      "12": 11788,
      "10": 12988,
      "7": 12527,
      "11": 15105,
      "0": 15428,
      "13": 15650,
      "4": 13149,
      "15": 13766,
      "5": 18611,
      "9": 10047,
      "6": 12736,
      "16": 12190
    }
  },
  "19": {
    "total": 239686,
    "chi2": 24823.534240631492,
    "dof": 18,
    "trig_res": 6,
    "frac_trig": 0.037645085653730294,
    "pred_1_over_p": 0.05263157894736842,
    "counts": {
      "4": 22249,
      "2": 10614,
      "8": 12019,
      "3": 10325,
      "5": 15489,
      "11": 11625,
      "17": 12402,
      "16": 17203,
      "14": 8665,
      "12": 9098,
      "7": 14693,
      "18": 17018,
      "9": 9998,
      "13": 10897,
      "15": 20849,
      "10": 10262,
      "6": 9023,
      "0": 9299,
      "1": 7958
    }
  },
  "23": {
    "total": 239686,
    "chi2": 4513.452825780397,
    "dof": 22,
    "trig_res": 15,
    "frac_trig": 0.0405989502933004,
    "pred_1_over_p": 0.043478260869565216,
    "counts": {
      "11": 12122,
      "10": 10136,
      "12": 9362,
      "19": 11902,
      "6": 12003,
      "21": 10638,
      "9": 10998,
      "14": 13114,
      "4": 10583,
      "15": 9731,
      "0": 9953,
      "8": 9752,
      "1": 7903,
      "2": 10064,
      "7": 11747,
      "20": 9193,
      "3": 11277,
      "17": 10807,
      "13": 9287,
      "5": 12275,
      "22": 9039,
      "18": 10845,
      "16": 6955
    }
  }
}