{
  "task2_r": 0.9729414324210418,
  "task2_sign_match": "6/7",
  "task3_correlations": {
    "ord2": 0.09373670818608894,
    "ord3": 0.14210287455509527,
    "ord2/ord3": -0.24010549935003894,
    "ord3/ord2": 0.06178062209789778,
    "same_order(0/1)": -0.2046560639380652,
    "prim2(0/1)": -0.21549105648611483,
    "prim3(0/1)": -0.2308688584182872,
    "in_sub3(0/1)": -0.1934840276439144,
    "dlogh/(p-1)": 0.37142374717172427,
    "dlog2/(p-1)": 0.1583015177821305,
    "dlog3/(p-1)": 0.40551219674017014,
    "dlogh_even(0/1)": 0.09727436350494079,
    "dlogh_minus_dlog3_mod(p-1)": 0.027926000674114562,
    "dlogh_minus_dlog2_mod(p-1)": 0.7122015471690997,
    "p": 0.29615151134650247,
    "1/p": -0.28452435802178394
  }
}