{
  "p": 19,
  "K": 14,
  "M": 311296,
  "n_states": 155648,
  "h_p": 6,
  "marginal": [
    0.0,
    0.9999229029605262,
    0.0,
    0.0,
    0.0,
    0.0,
    0.0,
    0.0,
    0.0,
    1.9274259868421038e-05,
    0.0,
    0.0,
    3.21237664473684e-05,
    0.0,
    2.569901315789472e-05,
    0.0,
    0.0,
    0.0,
    0.0
  ],
  "operator_hole": 0.05263157894736842
}