{
  "n_steps": 919575,
  "n_ok": 20004,
  "n_fail": 0,
  "primes": {
    "5": {
      "total": 919575,
      "trig_res": 3,
      "frac_trig_stationary": 0.20439659625370415,
      "pred_1_over_p": 0.2,
      "hole": -0.004396596253704144,
      "hit_density": 0.20439659625370415,
      "n_traj": 20004,
      "traj_mean_hit_rate": 0.20138296384429702,
      "traj_se_hit_rate": 0.000448001449936432,
      "traj_ci95_lo": 0.20050488100242161,
      "traj_ci95_hi": 0.20226104668617242
    },
    "7": {
      "total": 919575,
      "trig_res": 2,
      "frac_trig_stationary": 0.13964603213440993,
      "pred_1_over_p": 0.14285714285714285,
      "hole": 0.0032111107227329183,
      "hit_density": 0.13964603213440993,
      "n_traj": 20004,
      "traj_mean_hit_rate": 0.137792551342477,
      "traj_se_hit_rate": 0.00035362426804413547,
      "traj_ci95_lo": 0.1370994477771105,
      "traj_ci95_hi": 0.1384856549078435
    },
    "11": {
      "total": 919575,
      "trig_res": 7,
      "frac_trig_stationary": 0.08168991110023652,
      "pred_1_over_p": 0.09090909090909091,
      "hole": 0.009219179808854394,
      "hit_density": 0.08168991110023652,
      "n_traj": 20004,
      "traj_mean_hit_rate": 0.08518396166817968,
      "traj_se_hit_rate": 0.00028846649436337025,
      "traj_ci95_lo": 0.08461856733922747,
      "traj_ci95_hi": 0.08574935599713189
    },
    "13": {
      "total": 919575,
      "trig_res": 4,
      "frac_trig_stationary": 0.09133458391104586,
      "pred_1_over_p": 0.07692307692307693,
      "hole": -0.014411506987968933,
      "hit_density": 0.09133458391104586,
      "n_traj": 20004,
      "traj_mean_hit_rate": 0.09096806689328851,
      "traj_se_hit_rate": 0.00026795019705637397,
      "traj_ci95_lo": 0.09044288450705802,
      "traj_ci95_hi": 0.091493249279519
    },
    "17": {
      "total": 919575,
      "trig_res": 11,
      "frac_trig_stationary": 0.0629464698366093,
      "pred_1_over_p": 0.058823529411764705,
      "hole": -0.0041229404248445956,
      "hit_density": 0.0629464698366093,
      "n_traj": 20004,
      "traj_mean_hit_rate": 0.06534149658718527,
      "traj_se_hit_rate": 0.00022630052602564852,
      "traj_ci95_lo": 0.064897947556175,
      "traj_ci95_hi": 0.06578504561819554
    },
    "19": {
      "total": 919575,
      "trig_res": 6,
      "frac_trig_stationary": 0.03803387434412636,
      "pred_1_over_p": 0.05263157894736842,
      "hole": 0.014597704603242057,
      "hit_density": 0.03803387434412636,
      "n_traj": 20004,
      "traj_mean_hit_rate": 0.03974000060812661,
      "traj_se_hit_rate": 0.0002712650218868273,
      "traj_ci95_lo": 0.039208321165228426,
      "traj_ci95_hi": 0.04027168005102479
    },
    "23": {
      "total": 919575,
      "trig_res": 15,
      "frac_trig_stationary": 0.04018378055079792,
      "pred_1_over_p": 0.043478260869565216,
      "hole": 0.0032944803187672927,
      "hit_density": 0.04018378055079792,
      "n_traj": 20004,
      "traj_mean_hit_rate": 0.03852989847964924,
      "traj_se_hit_rate": 0.00020022894447607303,
      "traj_ci95_lo": 0.03813744974847613,
      "traj_ci95_hi": 0.03892234721082234
    },
    "29": {
      "total": 919575,
      "trig_res": 19,
      "frac_trig_stationary": 0.039734660033167495,
      "pred_1_over_p": 0.034482758620689655,
      "hole": -0.00525190141247784,
      "hit_density": 0.039734660033167495,
      "n_traj": 20004,
      "traj_mean_hit_rate": 0.038870196224820686,
      "traj_se_hit_rate": 0.00019581360814193823,
      "traj_ci95_lo": 0.03848640155286249,
      "traj_ci95_hi": 0.03925399089677888
    },
    "31": {
      "total": 919575,
      "trig_res": 10,
      "frac_trig_stationary": 0.02866976592447598,
      "pred_1_over_p": 0.03225806451612903,
      "hole": 0.0035882985916530497,
      "hit_density": 0.02866976592447598,
      "n_traj": 20004,
      "traj_mean_hit_rate": 0.0278003818644553,
      "traj_se_hit_rate": 0.0001890355713214759,
      "traj_ci95_lo": 0.027429872144665208,
      "traj_ci95_hi": 0.028170891584245395
    },
    "37": {
      "total": 919575,
      "trig_res": 12,
      "frac_trig_stationary": 0.02086507353940679,
      "pred_1_over_p": 0.02702702702702703,
      "hole": 0.006161953487620237,
      "hit_density": 0.02086507353940679,
      "n_traj": 20004,
      "traj_mean_hit_rate": 0.02342577331682783,
      "traj_se_hit_rate": 0.00020720942091477312,
      "traj_ci95_lo": 0.023019642851834873,
      "traj_ci95_hi": 0.023831903781820783
    },
    "41": {
      "total": 919575,
      "trig_res": 27,
      "frac_trig_stationary": 0.015964983824049154,
      "pred_1_over_p": 0.024390243902439025,
      "hole": 0.008425260078389871,
      "hit_density": 0.015964983824049154,
      "n_traj": 20004,
      "traj_mean_hit_rate": 0.01685869205713873,
      "traj_se_hit_rate": 0.00016222304559246125,
      "traj_ci95_lo": 0.016540734887777506,
      "traj_ci95_hi": 0.017176649226499953
    },
    "43": {
      "total": 919575,
      "trig_res": 14,
      "frac_trig_stationary": 0.016418454177201426,
      "pred_1_over_p": 0.023255813953488372,
      "hole": 0.006837359776286946,
      "hit_density": 0.016418454177201426,
      "n_traj": 20004,
      "traj_mean_hit_rate": 0.016505763214335903,
      "traj_se_hit_rate": 0.0001456280467490448,
      "traj_ci95_lo": 0.016220332242707775,
      "traj_ci95_hi": 0.01679119418596403
    },
    "47": {
      "total": 919575,
      "trig_res": 31,
      "frac_trig_stationary": 0.01785281244052959,
      "pred_1_over_p": 0.02127659574468085,
      "hole": 0.0034237833041512594,
      "hit_density": 0.01785281244052959,
      "n_traj": 20004,
      "traj_mean_hit_rate": 0.016898984128409344,
      "traj_se_hit_rate": 0.0001363071063657795,
      "traj_ci95_lo": 0.016631822199932415,
      "traj_ci95_hi": 0.017166146056886274
    },
    "53": {
      "total": 919575,
      "trig_res": 35,
      "frac_trig_stationary": 0.021086915151020853,
      "pred_1_over_p": 0.018867924528301886,
      "hole": -0.002218990622718967,
      "hit_density": 0.021086915151020853,
      "n_traj": 20004,
      "traj_mean_hit_rate": 0.021082749106127882,
      "traj_se_hit_rate": 0.00015012742271636634,
      "traj_ci95_lo": 0.020788499357603803,
      "traj_ci95_hi": 0.02137699885465196
    },
    "59": {
      "total": 919575,
      "trig_res": 39,
      "frac_trig_stationary": 0.011608623548922056,
      "pred_1_over_p": 0.01694915254237288,
      "hole": 0.005340528993450826,
      "hit_density": 0.011608623548922056,
      "n_traj": 20004,
      "traj_mean_hit_rate": 0.011419575531971699,
      "traj_se_hit_rate": 0.00012119015375696685,
      "traj_ci95_lo": 0.011182042830608044,
      "traj_ci95_hi": 0.011657108233335354
    },
    "61": {
      "total": 919575,
      "trig_res": 20,
      "frac_trig_stationary": 0.019565560177255796,
      "pred_1_over_p": 0.01639344262295082,
      "hole": -0.0031721175543049755,
      "hit_density": 0.019565560177255796,
      "n_traj": 20004,
      "traj_mean_hit_rate": 0.01854589056383255,
      "traj_se_hit_rate": 0.00012724258948518556,
      "traj_ci95_lo": 0.018296495088441587,
      "traj_ci95_hi": 0.01879528603922351
    },
    "67": {
      "total": 919575,
      "trig_res": 22,
      "frac_trig_stationary": 0.010489628360927603,
      "pred_1_over_p": 0.014925373134328358,
      "hole": 0.004435744773400755,
      "hit_density": 0.010489628360927603,
      "n_traj": 20004,
      "traj_mean_hit_rate": 0.011486969090303811,
      "traj_se_hit_rate": 0.00013001448001593357,
      "traj_ci95_lo": 0.011232140709472581,
      "traj_ci95_hi": 0.01174179747113504
    }
  }
}