{
  "n_steps": 919575,
  "n_ok": 20004,
  "n_fail": 0,
  "max_len": 195,
  "primes": {
    "5": {
      "total": 919575,
      "trig_res": 3,
      "frac_trig_stationary": 0.20439659625370415,
      "pred_1_over_p": 0.2,
      "hole": -0.004396596253704144,
      "chi2": 1551.4385884783733,
      "dof": 4,
      "hit_density": 0.20439659625370415,
      "hit_deviation": -0.004396596253704144,
      "counts": {
        "1": 180816,
        "2": 188406,
        "4": 170604,
        "3": 187958,
        "0": 191791
      }
    },
    "7": {
      "total": 919575,
      "trig_res": 2,
      "frac_trig_stationary": 0.13964603213440993,
      "pred_1_over_p": 0.14285714285714285,
      "hole": 0.0032111107227329183,
      "chi2": 4496.37561047223,
      "dof": 6,
      "hit_density": 0.13964603213440993,
      "hit_deviation": 0.0032111107227329183,
      "counts": {
        "1": 116203,
        "2": 128415,
        "0": 131284,
        "4": 137183,
        "3": 137785,
        "5": 145736,
        "6": 122969
      }
    },
    "11": {
      "total": 919575,
      "trig_res": 7,
      "frac_trig_stationary": 0.08168991110023652,
      "pred_1_over_p": 0.09090909090909091,
      "hole": 0.009219179808854394,
      "chi2": 10048.272047413207,
      "dof": 10,
      "hit_density": 0.08168991110023652,
      "hit_deviation": 0.009219179808854394,
      "counts": {
        "3": 76358,
        "5": 104475,
        "2": 95197,
        "9": 86535,
        "8": 76994,
        "7": 75120,
        "0": 76975,
        "6": 86959,
        "4": 80779,
        "1": 78449,
        "10": 81734
      }
    },
    "13": {
      "total": 919575,
      "trig_res": 4,
      "frac_trig_stationary": 0.09133458391104586,
      "pred_1_over_p": 0.07692307692307693,
      "hole": -0.014411506987968933,
      "chi2": 19835.549855096102,
      "dof": 12,
      "hit_density": 0.09133458391104586,
      "hit_deviation": -0.014411506987968933,
      "counts": {
        "8": 56459,
        "6": 59719,
        "4": 83989,
        "0": 85508,
        "7": 70938,
        "11": 79991,
        "5": 83945,
        "3": 66386,
        "9": 76484,
        "2": 54974,
        "10": 74337,
        "12": 64749,
        "1": 62096
      }
    },
    "17": {
      "total": 919575,
      "trig_res": 11,
      "frac_trig_stationary": 0.0629464698366093,
      "pred_1_over_p": 0.058823529411764705,
      "hole": -0.0041229404248445956,
      "chi2": 19855.72280673137,
      "dof": 16,
      "hit_density": 0.0629464698366093,
      "hit_deviation": -0.0041229404248445956,
      "counts": {
        "16": 47450,
        "4": 50657,
        "15": 51961,
        "6": 48927,
        "1": 55257,
        "2": 64673,
        "10": 50573,
        "9": 38810,
        "14": 46317,
        "12": 45906,
        "7": 48492,
        "3": 60794,
        "11": 57884,
        "0": 59086,
        "13": 59460,
        "5": 71119,
        "8": 62209
      }
    },
    "19": {
      "total": 919575,
      "trig_res": 6,
      "frac_trig_stationary": 0.03803387434412636,
      "pred_1_over_p": 0.05263157894736842,
      "hole": 0.014597704603242057,
      "chi2": 94540.11035097735,
      "dof": 18,
      "hit_density": 0.03803387434412636,
      "hit_deviation": 0.014597704603242057,
      "counts": {
        "8": 46285,
        "3": 39738,
        "6": 34975,
        "0": 36036,
        "10": 40101,
        "11": 44207,
        "17": 47642,
        "13": 41831,
        "1": 30526,
        "2": 40333,
        "5": 60114,
        "7": 55697,
        "15": 79717,
        "12": 34674,
        "9": 37771,
        "14": 33396,
        "4": 85202,
        "16": 65743,
        "18": 65587
      }
    },
    "23": {
      "total": 919575,
      "trig_res": 15,
      "frac_trig_stationary": 0.04018378055079792,
      "pred_1_over_p": 0.043478260869565216,
      "hole": 0.0032944803187672927,
      "chi2": 16823.053762879594,
      "dof": 22,
      "hit_density": 0.04018378055079792,
      "hit_deviation": 0.0032944803187672927,
      "counts": {
        "18": 41278,
        "16": 26631,
        "9": 42150,
        "14": 49746,
        "10": 38891,
        "4": 39840,
        "2": 38805,
        "21": 41424,
        "15": 36952,
        "0": 37807,
        "6": 46632,
        "8": 37363,
        "12": 35783,
        "19": 46259,
        "13": 36063,
        "5": 46770,
        "1": 30340,
        "7": 44855,
        "17": 41217,
        "22": 35716,
        "11": 46667,
        "3": 42520,
        "20": 35866
      }
    },
    "29": {
      "total": 919575,
      "trig_res": 19,
      "frac_trig_stationary": 0.039734660033167495,
      "pred_1_over_p": 0.034482758620689655,
      "hole": -0.00525190141247784,
      "chi2": 34309.743603295,
      "dof": 28,
      "hit_density": 0.039734660033167495,
      "hit_deviation": -0.00525190141247784,
      "counts": {
        "0": 37242,
        "15": 27980,
        "13": 39808,
        "20": 27786,
        "16": 30536,
        "10": 34357,
        "1": 34532,
        "22": 40652,
        "12": 30099,
        "4": 32741,
        "27": 29096,
        "2": 31435,
        "18": 30819,
        "21": 33635,
        "26": 28608,
        "28": 19514,
        "7": 26790,
        "11": 28503,
        "23": 36670,
        "5": 42530,
        "19": 36539,
        "6": 44432,
        "24": 36307,
        "3": 36099,
        "17": 29618,
        "14": 24091,
        "8": 24264,
        "25": 21588,
        "9": 23304
      }
    },
    "31": {
      "total": 919575,
      "trig_res": 10,
      "frac_trig_stationary": 0.02866976592447598,
      "pred_1_over_p": 0.03225806451612903,
      "hole": 0.0035882985916530497,
      "chi2": 60440.302372291546,
      "dof": 30,
      "hit_density": 0.02866976592447598,
      "hit_deviation": 0.0035882985916530497,
      "counts": {
        "30": 32958,
        "23": 33824,
        "4": 40930,
        "22": 35217,
        "18": 24092,
        "12": 34411,
        "24": 20175,
        "21": 20040,
        "8": 29591,
        "28": 22865,
        "29": 29035,
        "13": 35434,
        "20": 26827,
        "15": 33409,
        "9": 28984,
        "7": 29574,
        "26": 19236,
        "3": 37682,
        "10": 26364,
        "0": 27004,
        "16": 28581,
        "14": 30877,
        "6": 32582,
        "11": 41343,
        "5": 54524,
        "25": 25761,
        "19": 30560,
        "27": 20650,
        "17": 28338,
        "1": 19238,
        "2": 19469
      }
    },
    "37": {
      "total": 919575,
      "trig_res": 12,
      "frac_trig_stationary": 0.02086507353940679,
      "pred_1_over_p": 0.02702702702702703,
      "hole": 0.006161953487620237,
      "chi2": 89612.08648560476,
      "dof": 36,
      "hit_density": 0.02086507353940679,
      "hit_deviation": 0.006161953487620237,
      "counts": {
        "2": 16063,
        "22": 25534,
        "13": 28843,
        "20": 16794,
        "12": 19187,
        "0": 19744,
        "19": 27178,
        "36": 15305,
        "9": 18067,
        "14": 17286,
        "10": 23872,
        "34": 19756,
        "35": 38856,
        "16": 38817,
        "6": 31369,
        "28": 25527,
        "24": 38460,
        "18": 23523,
        "7": 31612,
        "23": 38067,
        "3": 15677,
        "29": 41465,
        "11": 30312,
        "32": 16675,
        "30": 19198,
        "31": 17403,
        "33": 19777,
        "17": 29912,
        "26": 29023,
        "27": 25685,
        "4": 24962,
        "25": 24478,
        "1": 29118,
        "5": 33741,
        "8": 15542,
        "21": 15765,
        "15": 16982
      }
    },
    "41": {
      "total": 919575,
      "trig_res": 27,
      "frac_trig_stationary": 0.015964983824049154,
      "pred_1_over_p": 0.024390243902439025,
      "hole": 0.008425260078389871,
      "chi2": 72586.05157164995,
      "dof": 40,
      "hit_density": 0.015964983824049154,
      "hit_deviation": 0.008425260078389871,
      "counts": {
        "32": 27867,
        "28": 27785,