{
  "p": 19,
  "K": 14,
  "M": 311296,
  "n_states": 155648,
  "h_p": 6,
  "marginal": [
    0.0,
    0.0,
    0.0,
    0.0,
    0.0,
    0.0,
    0.0,
    0.0,
    0.0,
    0.2499999999999999,
    0.0,
    0.0,
    0.41666666666666685,
    0.0,
    0.3333333333333333,
    0.0,
    0.0,
    0.0,
    0.0
  ],
  "operator_hole": 0.05263157894736842,
  "survival_eigenvalue": 1.0
}